name,lat,lng,country
American Samoa,-14.275632,-170.702042,
Aruba,12.521110,-69.968338,
Bahamas,25.545437,-76.755051,
British Virgin Islands,18.4206944,-64.6399689,
Channel Islands,49.372284,-2.364351,
Curacao,12.169570,-68.990021,
Sint Maarten (Dutch part),18.0347,-63.0681,
St. Martin (French part),18.0858547,-63.0618597,
Virgin Islands (U.S.),18.3434415,-64.8671634,
Afghanistan,33.93911,67.709953,AF
Albania,41.153332,20.168331,AL
Algeria,28.033886,1.659626,DZ
American Samoa,-14.270972,-170.132217,AS
Andorra,42.546245,1.601554,AD
Angola,-11.202692,17.873887,AO
Anguilla,18.220554,-63.068615,AI
Antarctica,-75.250973,-0.071389,AQ
Antigua and Barbuda,17.060816,-61.796428,AG
Argentina,-38.416097,-63.616672,AR
Armenia,40.069099,45.038189,AM
Aruba,12.52111,-69.968338,AW
Australia,-25.274398,133.775136,AU
Austria,47.516231,14.550072,AT
Azerbaijan,40.143105,47.576927,AZ
Bahamas,25.03428,-77.39628,BS
Bahrain,25.930414,50.637772,BH
Bangladesh,23.684994,90.356331,BD
Barbados,13.193887,-59.543198,BB
Belarus,53.709807,27.953389,BY
Belgium,50.503887,4.469936,BE
Belize,17.189877,-88.49765,BZ
Benin,9.30769,2.315834,BJ
Bermuda,32.321384,-64.75737,BM
Bhutan,27.514162,90.433601,BT
Bolivia,-16.290154,-63.588653,BO
Bosnia and Herzegovina,43.915886,17.679076,BA
Botswana,-22.328474,24.684866,BW
Bouvet Island,-54.423199,3.413194,BV
Brazil,-14.235004,-51.92528,BR
British Indian Ocean Territory,-6.343194,71.876519,IO
British Virgin Islands,18.420695,-64.639968,VG
Brunei,4.535277,114.727669,BN
Bulgaria,42.733883,25.48583,BG
Burkina Faso,12.238333,-1.561593,BF
Burundi,-3.373056,29.918886,BI
Cambodia,12.565679,104.990963,KH
Cameroon,7.369722,12.354722,CM
Canada,56.130366,-106.346771,CA
Cabo Verde,16.002082,-24.013197,CV
Cayman Islands,19.513469,-80.566956,KY
Central African Republic,6.611111,20.939444,CF
Chad,15.454166,18.732207,TD
Chile,-35.675147,-71.542969,CL
China,35.86166,104.195397,CN
Christmas Island,-10.447525,105.690449,CX
Cocos [Keeling] Islands,-12.164165,96.870956,CC
Colombia,4.570868,-74.297333,CO
Comoros,-11.875001,43.872219,KM
Congo [DRC],-4.038333,21.758664,CD
Congo [Republic],-0.228021,15.827659,CG
Cook Islands,-21.236736,-159.777671,CK
Costa Rica,9.748917,-83.753428,CR
Cote d'Ivoire,7.539989,-5.54708,CI
Croatia,45.1,15.2,HR
Cuba,21.521757,-77.781167,CU
Cyprus,35.126413,33.429859,CY
Czech Republic,49.817492,15.472962,CZ
Denmark,56.26392,9.501785,DK
Djibouti,11.825138,42.590275,DJ
Dominica,15.414999,-61.370976,DM
Dominican Republic,18.735693,-70.162651,DO
Ecuador,-1.831239,-78.183406,EC
Egypt,26.820553,30.802498,EG
El Salvador,13.794185,-88.89653,SV
Equatorial Guinea,1.650801,10.267895,GQ
Eritrea,15.179384,39.782334,ER
Estonia,58.595272,25.013607,EE
Ethiopia,9.145,40.489673,ET
Falkland Islands [Islas Malvinas],-51.796253,-59.523613,FK
Faroe Islands,61.892635,-6.911806,FO
Fiji,-16.578193,179.414413,FJ
Finland,61.92411,25.748151,FI
France,46.227638,2.213749,FR
French Guiana,3.933889,-53.125782,GF
French Polynesia,-17.679742,-149.406843,PF
French Southern Territories,-49.280366,69.348557,TF
Gabon,-0.803689,11.609444,GA
Gambia,13.443182,-15.310139,GM
West Bank and Gaza,31.354676,34.308825,GZ
Georgia,42.315407,43.356892,GE
Germany,51.165691,10.451526,DE
Ghana,7.946527,-1.023194,GH
Gibraltar,36.137741,-5.345374,GI
Greece,39.074208,21.824312,GR
Greenland,71.706936,-42.604303,GL
Grenada,12.262776,-61.604171,GD
Guadeloupe,16.995971,-62.067641,GP
Guam,13.444304,144.793731,GU
Guatemala,15.783471,-90.230759,GT
Guernsey,49.465691,-2.585278,GG
Guinea,9.945587,-9.696645,GN
Guinea-Bissau,11.803749,-15.180413,GW
Guyana,4.860416,-58.93018,GY
Haiti,18.971187,-72.285215,HT
Heard Island and McDonald Islands,-53.08181,73.504158,HM
Honduras,15.199999,-86.241905,HN
Hong Kong,22.396428,114.109497,HK
Hungary,47.162494,19.503304,HU
Iceland,64.963051,-19.020835,IS
India,20.593684,78.96288,IN
Indonesia,-0.789275,113.921327,ID
Iran,32.427908,53.688046,IR
Iraq,33.223191,43.679291,IQ
Ireland,53.41291,-8.24389,IE
Isle of Man,54.236107,-4.548056,IM
Israel,31.046051,34.851612,IL
Italy,41.87194,12.56738,IT
Jamaica,18.109581,-77.297508,JM
Japan,36.204824,138.252924,JP
Jersey,49.214439,-2.13125,JE
Jordan,30.585164,36.238414,JO
Kazakhstan,48.019573,66.923684,KZ
Kenya,-0.023559,37.906193,KE
Kiribati,-3.370417,-168.734039,KI
Kosovo,42.602636,20.902977,XK
Kuwait,29.31166,47.481766,KW
Kyrgyzstan,41.20438,74.766098,KG
Laos,19.85627,102.495496,LA
Latvia,56.879635,24.603189,LV
Lebanon,33.854721,35.862285,LB
Lesotho,-29.609988,28.233608,LS
Liberia,6.428055,-9.429499,LR
Libya,26.3351,17.228331,LY
Liechtenstein,47.166,9.555373,LI
Lithuania,55.169438,23.881275,LT
Luxembourg,49.815273,6.129583,LU
Macau,22.198745,113.543873,MO
Macedonia,41.608635,21.745275,MK
Madagascar,-18.766947,46.869107,MG
Malawi,-13.254308,34.301525,MW
Malaysia,4.210484,101.975766,MY
Maldives,3.202778,73.22068,MV
Mali,17.570692,-3.996166,ML
Malta,35.937496,14.375416,MT
Marshall Islands,7.131474,171.184478,MH
Martinique,14.641528,-61.024174,MQ
Mauritania,21.00789,-10.940835,MR
Mauritius,-20.348404,57.552152,MU
Mayotte,-12.8275,45.166244,YT
Mexico,23.634501,-102.552784,MX
Micronesia,7.425554,150.550812,FM
Moldova,47.411631,28.369885,MD
Monaco,43.750298,7.412841,MC
Mongolia,46.862496,103.846656,MN
Montenegro,42.708678,19.37439,ME
Montserrat,16.742498,-62.187366,MS
Morocco,31.791702,-7.09262,MA
Mozambique,-18.665695,35.529562,MZ
Myanmar,21.913965,95.956223,MM
Namibia,-22.95764,18.49041,NA
Nauru,-0.522778,166.931503,NR
Nepal,28.394857,84.124008,NP
Netherlands,52.132633,5.291266,NL
Netherlands Antilles,12.226079,-69.060087,AN
New Caledonia,-20.904305,165.618042,NC
New Zealand,-40.900557,174.885971,NZ
Nicaragua,12.865416,-85.207229,NI
Niger,17.607789,8.081666,NE
Nigeria,9.081999,8.675277,NG
Niue,-19.054445,-169.867233,NU
Norfolk Island,-29.040835,167.954712,NF
North Korea,40.339852,127.510093,KP
Northern Mariana Islands,17.33083,145.38469,MP
Norway,60.472024,8.468946,NO
Oman,21.512583,55.923255,OM
Pakistan,30.375321,69.345116,PK
Palau,7.51498,134.58252,PW
Palestinian Territories,31.952162,35.233154,PS
Panama,8.537981,-80.782127,PA
Papua New Guinea,-6.314993,143.95555,PG
Paraguay,-23.442503,-58.443832,PY
Peru,-9.189967,-75.015152,PE
Philippines,12.879721,121.774017,PH
Pitcairn Islands,-24.703615,-127.439308,PN
Poland,51.919438,19.145136,PL
Portugal,39.399872,-8.224454,PT
Puerto Rico,18.220833,-66.590149,PR
Qatar,25.354826,51.183884,QA
RÃ©union,-21.115141,55.536384,RE
Romania,45.943161,24.96676,RO
Russia,61.52401,105.318756,RU
Rwanda,-1.940278,29.873888,RW
Saint Helena,-24.143474,-10.030696,SH
Saint Kitts and Nevis,17.357822,-62.782998,KN
Saint Lucia,13.909444,-60.978893,LC
Saint Pierre and Miquelon,46.941936,-56.27111,PM
Saint Vincent and the Grenadines,12.984305,-61.287228,VC
Samoa,-13.759029,-172.104629,WS
San Marino,43.94236,12.457777,SM
Sao Tome and Principe,0.18636,6.613081,ST
Saudi Arabia,23.885942,45.079162,SA
Senegal,14.497401,-14.452362,SN
Serbia,44.016521,21.005859,RS
Seychelles,-4.679574,55.491977,SC
Sierra Leone,8.460555,-11.779889,SL
Singapore,1.352083,103.819836,SG
Slovakia,48.669026,19.699024,SK
Slovenia,46.151241,14.995463,SI
Solomon Islands,-9.64571,160.156194,SB
Somalia,5.152149,46.199616,SO
South Africa,-30.559482,22.937506,ZA
South Georgia and the South Sandwich Islands,-54.429579,-36.587909,GS
South Korea,35.907757,127.766922,KR
Spain,40.463667,-3.74922,ES
Sri Lanka,7.873054,80.771797,LK
Sudan,12.862807,30.217636,SD
South Sudan,4.859363,31.571251,SS
Suriname,3.919305,-56.027783,SR
Svalbard and Jan Mayen,77.553604,23.670272,SJ
Eswatini,-26.522503,31.465866,SZ
Sweden,60.128161,18.643501,SE
Switzerland,46.818188,8.227512,CH
Syria,34.802075,38.996815,SY
Taiwan,23.69781,120.960515,TW
Tajikistan,38.861034,71.276093,TJ
Tanzania,-6.369028,34.888822,TZ
Thailand,15.870032,100.992541,TH
Timor-Leste,-8.874217,125.727539,TL
Togo,8.619543,0.824782,TG
Tokelau,-8.967363,-171.855881,TK
Tonga,-21.178986,-175.198242,TO
Trinidad and Tobago,10.691803,-61.222503,TT
Tunisia,33.886917,9.537499,TN
Turkey,38.963745,35.243322,TR
Turkmenistan,38.969719,59.556278,TM
Turks and Caicos Islands,21.694025,-71.797928,TC
Tuvalu,-7.109535,177.64933,TV
U.S. Minor Outlying Islands,,,UM
U.S. Virgin Islands,18.335765,-64.896335,VI
Uganda,1.373333,32.290275,UG
Ukraine,48.379433,31.16558,UA
United Arab Emirates,23.424076,53.847818,AE
United Kingdom,55.378051,-3.435973,GB
United States,37.09024,-95.712891,US
Uruguay,-32.522779,-55.765835,UY
Uzbekistan,41.377491,64.585262,UZ
Vanuatu,-15.376706,166.959158,VU
Vatican City,41.902916,12.453389,VA
Venezuela,6.42375,-66.58973,VE
Vietnam,14.058324,108.277199,VN
Wallis and Futuna,-13.768752,-177.156097,WF
Western Sahara,24.215527,-12.885834,EH
Yemen,15.552727,48.516388,YE
Zambia,-13.133897,27.849332,ZM
Zimbabwe,-19.015438,29.154857,ZW